SET FOREIGN_KEY_CHECKS = 0;
START TRANSACTION;

-- =========================
-- categories
-- =========================
INSERT INTO categories (category_id, category_name, parent_category_id) VALUES
(1,'Электроника',NULL),
(2,'Смартфоны',1),
(3,'Ноутбуки',1),
(4,'Аксессуары',1),
(5,'Дом',NULL),
(6,'Кухня',5),
(7,'Уборка',5),
(8,'Спорт',NULL),
(9,'Фитнес',8),
(10,'Туризм',8),
(11,'Одежда',NULL),
(12,'Мужская',11),
(13,'Женская',11),
(14,'Детская',11),
(15,'Книги',NULL),
(16,'Худ. литература',15),
(17,'Нон-фикшн',15),
(18,'Игры',NULL),
(19,'Настольные',18),
(20,'Видеоигры',18);

-- =========================
-- users
-- =========================
INSERT INTO users (user_id, username, email, registration_date, city, total_orders, total_spent) VALUES
(1,'igor','igor@mail.com','2024-01-15','Zagreb',0,0),
(2,'anna','anna@mail.com','2024-02-10','Split',0,0),
(3,'marko','marko@mail.com','2024-03-05','Rijeka',0,0),
(4,'ivana','ivana@mail.com','2024-03-21','Osijek',0,0),
(5,'nika','nika@mail.com','2024-04-02','Zagreb',0,0),
(6,'ivan','ivan@mail.com','2024-04-19','Zadar',0,0),
(7,'petra','petra@mail.com','2024-05-11','Pula',0,0),
(8,'luka','luka@mail.com','2024-06-07','Zagreb',0,0),
(9,'maria','maria@mail.com','2024-06-22','Split',0,0),
(10,'dino','dino@mail.com','2024-07-03','Rijeka',0,0),
(11,'tea','tea@mail.com','2024-07-18','Zagreb',0,0),
(12,'filip','filip@mail.com','2024-08-01','Osijek',0,0),
(13,'sara','sara@mail.com','2024-08-14','Zadar',0,0),
(14,'tomislav','tomislav@mail.com','2024-09-09','Pula',0,0),
(15,'elena','elena@mail.com','2024-10-02','Zagreb',0,0),
(16,'matej','matej@mail.com','2024-10-21','Split',0,0),
(17,'karla','karla@mail.com','2024-11-03','Rijeka',0,0),
(18,'ante','ante@mail.com','2024-11-19','Osijek',0,0),
(19,'dorotea','dorotea@mail.com','2024-12-04','Zadar',0,0),
(20,'jana','jana@mail.com','2025-01-12','Zagreb',0,0),
(21,'marin','marin@mail.com','2025-01-22','Split',0,0),
(22,'lea','lea@mail.com','2025-02-05','Zagreb',0,0),
(23,'tony','tony@mail.com','2025-02-18','Rijeka',0,0),
(24,'mia','mia@mail.com','2025-03-02','Osijek',0,0),
(25,'stjepan','stjepan@mail.com','2025-03-15','Zadar',0,0),
(26,'ema','ema@mail.com','2025-03-28','Pula',0,0),
(27,'boris','boris@mail.com','2025-04-10','Zagreb',0,0),
(28,'lara','lara@mail.com','2025-04-25','Split',0,0),
(29,'nikola','nikola@mail.com','2025-05-04','Rijeka',0,0),
(30,'ivor','ivor@mail.com','2025-05-19','Osijek',0,0),
(31,'viktor','viktor@mail.com','2025-06-03','Zadar',0,0),
(32,'mia2','mia2@mail.com','2025-06-18','Pula',0,0),
(33,'patrik','patrik@mail.com','2025-07-01','Zagreb',0,0),
(34,'tihana','tihana@mail.com','2025-07-16','Split',0,0),
(35,'vanja','vanja@mail.com','2025-07-28','Rijeka',0,0);

-- =========================
-- products
-- =========================
INSERT INTO products (product_id, product_name, category_id, price, stock_quantity, average_rating, created_at) VALUES
(1,'Smartphone A1',2,399.90,120,0,'2024-01-10'),
(2,'Smartphone A2',2,599.90,80,0,'2024-02-15'),
(3,'Laptop L1',3,999.00,40,0,'2024-03-01'),
(4,'Laptop L2',3,1299.00,25,0,'2024-05-10'),
(5,'Headphones H1',4,79.90,200,0,'2024-02-20'),
(6,'Charger C1',4,19.90,500,0,'2024-01-25'),
(7,'Blender B1',6,49.90,90,0,'2024-04-05'),
(8,'Coffee Maker K1',6,89.90,60,0,'2024-06-01'),
(9,'Vacuum V1',7,159.90,35,0,'2024-07-07'),
(10,'Detergent D1',7,9.90,300,0,'2024-05-20'),
(11,'Yoga Mat Y1',9,24.90,150,0,'2024-03-18'),
(12,'Dumbbells 2x5',9,39.90,110,0,'2024-08-12'),
(13,'Tent T1',10,129.90,30,0,'2024-09-01'),
(14,'Backpack P1',10,59.90,70,0,'2024-09-12'),
(15,'T-shirt M1',12,14.90,250,0,'2024-04-22'),
(16,'Dress W1',13,49.90,95,0,'2024-05-30'),
(17,'Kids Jacket KJ1',14,34.90,80,0,'2024-10-05'),
(18,'Novel N1',16,12.90,400,0,'2024-11-11'),
(19,'Nonfiction NF1',17,18.90,220,0,'2024-12-01'),
(20,'Board Game BG1',19,29.90,65,0,'2024-12-20'),
(21,'Wireless Mouse M1',4,29.90,200,0,'2024-11-15'),
(22,'Gaming Laptop L3',3,1799.00,15,0,'2024-12-05'),
(23,'Smartwatch S1',2,199.90,140,0,'2024-10-10'),
(24,'Air Purifier AP1',7,229.90,45,0,'2024-12-12'),
(25,'Fitness Tracker FT1',9,69.90,180,0,'2024-11-18'),
(26,'Camping Stove CS1',10,79.90,90,0,'2024-10-25'),
(27,'Hiking Boots HB1',10,139.90,60,0,'2024-11-02'),
(28,'Office Chair OC1',5,199.00,40,0,'2024-09-05'),
(29,'Desk Lamp DL1',5,39.90,160,0,'2024-08-30'),
(30,'E-book Reader ER1',1,129.00,100,0,'2024-11-08'),
(31,'Gaming Console GC1',20,499.00,70,0,'2024-11-25'),
(32,'Board Game BG2',19,34.90,90,0,'2024-09-15'),
(33,'Cookware Set CS2',6,119.90,80,0,'2024-10-20'),
(34,'Vacuum V2',7,189.90,30,0,'2024-12-22'),
(35,'Yoga Block YB1',9,14.90,200,0,'2024-11-28');

-- =========================
-- orders
-- =========================
INSERT INTO orders (order_id, user_id, order_date, total_amount, status, payment_method) VALUES
(1,1,'2025-11-02 10:12:00',419.80,'delivered','card'),
(2,2,'2025-11-03 12:05:00',79.90,'delivered','card'),
(3,3,'2025-11-05 18:40:00',1048.80,'shipped','card'),
(4,4,'2025-11-07 09:25:00',49.90,'cancelled','cash'),
(5,5,'2025-11-10 14:10:00',169.80,'delivered','card'),
(6,6,'2025-11-12 16:00:00',24.90,'delivered','card'),
(7,7,'2025-11-15 11:30:00',89.90,'processing','card'),
(8,8,'2025-11-18 20:05:00',19.90,'delivered','card'),
(9,9,'2025-11-20 13:45:00',39.90,'delivered','cash'),
(10,10,'2025-11-22 08:10:00',59.90,'pending','card'),
(11,21,'2025-12-01 10:05:00',229.90,'delivered','card'),
(12,22,'2025-12-03 15:40:00',199.90,'shipped','card'),
(13,23,'2025-12-05 18:20:00',499.00,'delivered','card'),
(14,24,'2025-12-06 08:15:00',253.80,'delivered','cash'),
(15,25,'2025-12-07 19:55:00',314.60,'processing','card'),
(16,26,'2025-12-09 12:45:00',119.90,'delivered','card'),
(17,27,'2025-12-10 14:30:00',139.90,'pending','card'),
(18,28,'2025-12-12 16:05:00',268.80,'delivered','card'),
(19,29,'2025-12-13 20:30:00',74.70,'delivered','card'),
(20,30,'2025-12-14 09:50:00',569.40,'shipped','card'),
(21,31,'2025-12-15 11:10:00',159.60,'delivered','cash'),
(22,32,'2025-12-16 17:25:00',372.80,'delivered','card'),
(23,33,'2025-12-18 10:40:00',229.90,'delivered','card'),
(24,34,'2025-12-19 21:00:00',259.40,'processing','card'),
(25,35,'2025-12-20 13:35:00',439.50,'delivered','card');

-- =========================
-- order_items
-- =========================
INSERT INTO order_items (order_item_id, order_id, product_id, quantity, price_at_time) VALUES
(1,1,1,1,399.90),
(2,1,6,1,19.90),
(3,2,5,1,79.90),
(4,3,3,1,999.00),
(5,3,5,1,79.90),
(6,3,6,1,19.90),
(7,4,7,1,49.90),
(8,5,9,1,159.90),
(9,5,6,1,19.90),
(10,6,11,1,24.90),
(11,7,8,1,89.90),
(12,8,6,1,19.90),
(13,9,12,1,39.90),
(14,10,14,1,59.90),
(15,11,24,1,229.90),
(16,12,23,1,199.90),
(17,13,31,1,499.00),
(18,14,28,1,199.00),
(19,14,29,1,39.90),
(20,14,35,1,14.90),
(21,15,26,2,79.90),
(22,15,27,1,139.90),
(23,15,35,1,14.90),
(24,16,33,1,119.90),
(25,17,27,1,139.90),
(26,18,25,2,69.90),
(27,18,30,1,129.00),
(28,19,21,2,29.90),
(29,19,35,1,14.90),
(30,20,24,1,229.90),
(31,20,34,1,189.90),
(32,20,25,1,69.90),
(33,20,21,1,29.90),
(34,20,35,1,14.90),
(35,20,32,1,34.90),
(36,21,25,1,69.90),
(37,21,12,1,39.90),
(38,21,21,1,29.90),
(39,21,6,1,19.90),
(40,22,28,1,199.00),
(41,22,30,1,129.00),
(42,22,35,1,14.90),
(43,22,21,1,29.90),
(44,23,24,1,229.90),
(45,24,33,1,119.90),
(46,24,32,1,34.90),
(47,24,21,1,29.90),
(48,24,35,1,14.90),
(49,24,29,1,39.90),
(50,24,6,1,19.90),
(51,25,27,1,139.90),
(52,25,34,1,189.90),
(53,25,26,1,79.90),
(54,25,33,1,119.90),
(55,25,35,1,14.90);

-- =========================
-- reviews
-- =========================
INSERT INTO reviews (review_id, user_id, product_id, rating, review_text, created_at, helpful_count) VALUES
(1,1,1,5,'Отличный смартфон','2025-11-10 12:00:00',3),
(2,2,5,4,'Хороший звук','2025-11-12 09:10:00',1),
(3,3,3,5,'Ноутбук быстрый','2025-11-20 18:00:00',2),
(4,4,7,3,'Нормально','2025-11-08 10:00:00',0),
(5,5,9,5,'Мощный пылесос','2025-11-30 20:00:00',4),
(6,6,11,4,'Удобный коврик','2025-11-15 14:30:00',1),
(7,7,8,4,'Кофе вкусный','2025-12-02 08:10:00',0),
(8,8,6,5,'Дёшево и сердито','2025-11-19 11:45:00',2),
(9,9,12,4,'Гантели ок','2025-11-25 16:00:00',0),
(10,10,14,5,'Рюкзак удобный','2025-12-05 13:00:00',1),
(11,21,24,5,'Воздух стал чище','2025-12-05 12:00:00',2),
(12,22,23,4,'Удобные уведомления','2025-12-06 10:30:00',1),
(13,23,31,5,'Консоль топ','2025-12-10 20:15:00',3),
(14,24,28,4,'Кресло удобное','2025-12-08 09:00:00',1),
(15,25,26,4,'Плита компактная','2025-12-11 18:10:00',0),
(16,26,33,5,'Отличная посуда','2025-12-12 14:25:00',1),
(17,27,27,4,'Ботинки тёплые','2025-12-13 16:45:00',1),
(18,28,30,5,'Читалка удобная','2025-12-14 21:00:00',2),
(19,29,21,4,'Лёгкая мышь','2025-12-15 08:20:00',0),
(20,30,34,3,'Шумноват','2025-12-16 19:05:00',0);

COMMIT;
SET FOREIGN_KEY_CHECKS = 1;
